order_id,order_date,promised_date,actual_delivery_date,location,product_id,quantity,distance_km,delivery_cost,unit_cost
ORD0001,2025-11-24,2025-11-26,2025-11-28,Chennai,T-Shirt,9,54.5,258.89,12831.08
ORD0002,2025-01-16,2025-01-17,2025-01-19,Madurai,T-Shirt,8,46.7,255.45,13641.51
ORD0003,2025-05-23,2025-05-29,2025-05-31,Trichy,Headphones,1,365.2,953.93,6694.82
ORD0004,2025-06-22,2025-06-23,2025-06-24,Coimbatore,Laptop,13,50.5,326.28,16225.97
ORD0005,2025-07-13,2025-07-16,2025-07-17,Madurai,Laptop,10,40.1,229.45,7068.58
ORD0006,2025-05-29,2025-06-06,2025-06-05,Trichy,Headphones,8,443.4,1189.55,10851.54
ORD0007,2025-12-10,2025-12-13,2025-12-14,Tirunelveli,Smartphone,3,123.8,382.56,11569.83
ORD0008,2025-11-24,2025-11-28,2025-11-29,Chennai,Headphones,8,311.2,888.96,2265.8
ORD0009,2025-10-18,2025-10-24,2025-10-23,Tirunelveli,Shoes,11,395.0,1096.0,4447.02
ORD0010,2025-10-15,2025-10-20,2025-10-19,Madurai,Smartphone,19,244.8,825.19,3000.01
ORD0011,2025-01-25,2025-02-01,2025-02-01,Chennai,Shoes,5,388.2,1048.39,29884.8
ORD0012,2025-09-28,2025-09-30,2025-10-03,Tirunelveli,Laptop,18,116.9,522.28,16248.02
ORD0013,2025-05-17,2025-05-22,2025-05-21,Trichy,Laptop,11,347.0,1037.57,26312.83
ORD0014,2025-05-15,2025-05-20,2025-05-23,Coimbatore,T-Shirt,6,437.5,1190.63,4839.33
ORD0015,2025-03-24,2025-03-29,2025-03-29,Chennai,Laptop,17,245.0,839.04,26398.04
ORD0016,2025-06-07,2025-06-09,2025-06-09,Tirunelveli,Shoes,8,111.6,438.96,29346.14
ORD0017,2025-09-30,2025-10-05,2025-10-05,Salem,T-Shirt,5,345.8,949.54,6590.41
ORD0018,2025-10-04,2025-10-10,2025-10-11,Tirunelveli,Headphones,7,341.1,955.31,15672.0
ORD0019,2025-03-03,2025-03-05,2025-03-06,Madurai,Laptop,3,115.3,355.69,19043.76
ORD0020,2025-04-28,2025-04-30,2025-05-02,Madurai,Headphones,2,35.0,196.83,6662.83
ORD0021,2025-03-09,2025-03-14,2025-03-14,Trichy,Smartphone,19,326.9,993.16,19871.79
ORD0022,2025-07-01,2025-07-04,2025-07-07,Tirunelveli,Laptop,15,193.5,638.64,21927.94
ORD0023,2025-02-25,2025-02-28,2025-02-28,Madurai,Headphones,7,115.7,416.06,26272.23
ORD0024,2025-02-08,2025-02-10,2025-02-10,Madurai,Smartphone,18,202.2,707.73,14596.35
ORD0025,2025-07-25,2025-07-31,2025-07-30,Trichy,Headphones,6,406.6,1103.45,28732.33
ORD0026,2025-10-12,2025-10-16,2025-10-16,Chennai,T-Shirt,16,299.5,948.3,2110.44
ORD0027,2025-06-10,2025-06-12,2025-06-11,Salem,Laptop,19,30.4,334.55,2335.08
ORD0028,2025-02-04,2025-02-08,2025-02-09,Salem,Laptop,8,305.5,890.56,12750.98
ORD0029,2025-10-26,2025-10-31,2025-11-02,Tirunelveli,Headphones,11,256.5,770.31,12054.84
ORD0030,2025-12-10,2025-12-13,2025-12-13,Trichy,T-Shirt,15,292.2,941.17,29884.06
ORD0031,2025-02-07,2025-02-10,2025-02-09,Madurai,Headphones,17,244.2,792.03,13314.08
ORD0032,2025-10-06,2025-10-11,2025-10-14,Salem,Headphones,20,318.1,1038.66,3376.52
ORD0033,2025-03-10,2025-03-13,2025-03-13,Coimbatore,T-Shirt,4,122.7,391.22,10483.54
ORD0034,2025-12-18,2025-12-22,2025-12-21,Chennai,Shoes,9,287.2,869.33,1609.38
ORD0035,2025-06-20,2025-06-25,2025-06-25,Tirunelveli,Shoes,9,348.1,996.7,3622.65
ORD0036,2025-12-20,2025-12-25,2025-12-26,Salem,Smartphone,18,407.2,1201.37,1542.32
ORD0037,2025-07-06,2025-07-12,2025-07-14,Madurai,Laptop,2,405.0,1062.76,16928.54
ORD0038,2025-07-28,2025-08-04,2025-08-04,Madurai,Shoes,5,438.4,1143.9,22175.96
ORD0039,2025-06-20,2025-06-26,2025-06-26,Madurai,Laptop,14,353.2,1036.46,1450.12
ORD0040,2025-08-29,2025-08-31,2025-08-31,Chennai,Smartphone,15,104.0,447.49,8574.51
ORD0041,2025-02-05,2025-02-12,2025-02-13,Salem,Headphones,9,435.3,1232.47,3725.65
ORD0042,2025-05-14,2025-05-16,2025-05-15,Tirunelveli,Headphones,9,84.5,355.35,29531.8
ORD0043,2025-03-01,2025-03-03,2025-03-06,Trichy,Laptop,19,176.4,661.75,24253.37
ORD0044,2025-12-18,2025-12-21,2025-12-24,Coimbatore,T-Shirt,7,325.1,908.21,25486.05
ORD0045,2025-06-03,2025-06-06,2025-06-07,Madurai,Smartphone,14,230.7,745.11,28228.8
ORD0046,2025-12-13,2025-12-18,2025-12-18,Salem,Laptop,6,337.9,930.23,6542.43
ORD0047,2025-10-24,2025-10-29,2025-10-30,Madurai,T-Shirt,11,275.0,831.12,27065.07
ORD0048,2025-03-28,2025-04-02,2025-04-01,Madurai,Headphones,10,298.2,861.4,6214.16
ORD0049,2025-01-13,2025-01-14,2025-01-15,Trichy,T-Shirt,16,25.6,253.05,20981.72
ORD0050,2025-09-11,2025-09-14,2025-09-14,Trichy,Smartphone,5,182.8,541.03,28751.59
ORD0051,2025-09-23,2025-09-25,2025-09-26,Madurai,Shoes,18,211.7,748.81,29640.41
ORD0052,2025-11-01,2025-11-05,2025-11-05,Trichy,Smartphone,15,146.2,572.94,14397.83
ORD0053,2025-05-13,2025-05-19,2025-05-20,Madurai,Headphones,9,339.5,967.59,21492.28
ORD0054,2025-05-01,2025-05-04,2025-05-05,Madurai,Smartphone,11,125.9,466.97,4838.32
ORD0055,2025-04-20,2025-04-22,2025-04-21,Chennai,Smartphone,14,33.6,300.94,11867.46
ORD0056,2025-10-27,2025-11-03,2025-11-02,Chennai,Headphones,1,426.0,1101.3,11882.6
ORD0057,2025-08-03,2025-08-08,2025-08-08,Madurai,Headphones,18,244.5,811.31,1162.04
ORD0058,2025-06-22,2025-06-28,2025-06-27,Salem,T-Shirt,13,302.6,882.13,12002.4
ORD0059,2025-10-16,2025-10-21,2025-10-21,Madurai,Laptop,3,300.0,812.21,10022.37
ORD0060,2025-08-21,2025-08-25,2025-08-24,Chennai,Shoes,13,150.4,516.32,16320.75
ORD0061,2025-06-29,2025-07-01,2025-07-01,Madurai,Smartphone,3,104.8,384.27,18753.67
ORD0062,2025-05-03,2025-05-05,2025-05-05,Tirunelveli,Headphones,4,61.2,282.56,5283.34
ORD0063,2025-11-07,2025-11-13,2025-11-13,Chennai,T-Shirt,4,433.9,1125.16,9565.13
ORD0064,2025-12-13,2025-12-18,2025-12-17,Salem,Smartphone,13,409.1,1142.97,23242.68
ORD0065,2025-12-17,2025-12-21,2025-12-22,Salem,Shoes,4,272.2,781.59,2348.02
ORD0066,2025-11-28,2025-12-01,2025-12-02,Coimbatore,Shoes,14,156.8,587.83,13233.97
ORD0067,2025-09-25,2025-10-02,2025-10-01,Trichy,T-Shirt,9,434.6,1183.83,25595.88
ORD0068,2025-02-14,2025-02-17,2025-02-17,Salem,Shoes,15,129.1,503.39,14980.9
ORD0069,2025-06-16,2025-06-18,2025-06-18,Coimbatore,T-Shirt,7,85.9,361.24,8505.18
ORD0070,2025-01-06,2025-01-10,2025-01-09,Salem,Smartphone,7,234.9,718.1,19483.32
ORD0071,2025-09-09,2025-09-12,2025-09-12,Tirunelveli,Smartphone,1,204.4,569.99,17572.2
ORD0072,2025-08-31,2025-09-04,2025-09-04,Tirunelveli,Shoes,12,251.3,768.08,7766.69
ORD0073,2025-03-03,2025-03-07,2025-03-07,Madurai,Shoes,11,326.0,939.75,17810.73
ORD0074,2025-09-26,2025-10-01,2025-10-01,Coimbatore,Smartphone,4,270.6,752.6,21328.15
ORD0075,2025-03-06,2025-03-09,2025-03-11,Trichy,Laptop,2,127.1,432.13,17349.71
ORD0076,2025-08-29,2025-08-31,2025-09-01,Trichy,Laptop,11,218.0,718.75,12201.01
ORD0077,2025-02-07,2025-02-10,2025-02-09,Madurai,Laptop,2,261.8,733.39,12660.37
ORD0078,2025-11-02,2025-11-09,2025-11-08,Trichy,Headphones,8,356.9,1030.77,29703.93
ORD0079,2025-06-06,2025-06-09,2025-06-10,Tirunelveli,Smartphone,2,258.0,703.73,2711.27
ORD0080,2025-05-03,2025-05-06,2025-05-05,Tirunelveli,T-Shirt,3,82.3,304.41,1269.4
ORD0081,2025-05-28,2025-06-01,2025-06-01,Tirunelveli,T-Shirt,15,319.6,983.32,28029.95
ORD0082,2025-08-06,2025-08-08,2025-08-08,Chennai,Laptop,8,56.1,260.25,9436.07
ORD0083,2025-10-19,2025-10-24,2025-10-26,Trichy,Headphones,15,414.9,1200.79,14965.72
ORD0084,2025-02-11,2025-02-16,2025-02-15,Chennai,Smartphone,14,271.1,879.97,25127.97
ORD0085,2025-10-22,2025-10-27,2025-10-28,Chennai,Smartphone,1,266.3,730.06,19649.83
ORD0086,2025-05-23,2025-05-26,2025-05-24,Trichy,Headphones,19,85.8,436.5,9835.43
ORD0087,2025-02-23,2025-03-01,2025-02-28,Tirunelveli,Shoes,11,386.7,1123.03,16637.87
ORD0088,2025-08-21,2025-08-24,2025-08-24,Chennai,T-Shirt,9,44.2,260.42,1909.86
ORD0089,2025-09-23,2025-09-25,2025-09-26,Coimbatore,T-Shirt,16,166.0,585.57,8854.47
ORD0090,2025-12-24,2025-12-29,2025-12-31,Madurai,Headphones,1,220.7,626.24,16701.87
ORD0091,2025-02-17,2025-02-18,2025-02-21,Madurai,Shoes,4,105.0,399.29,8968.29
ORD0092,2025-12-28,2026-01-01,2026-01-01,Salem,Smartphone,16,126.7,508.93,27679.48
ORD0093,2025-09-18,2025-09-24,2025-09-24,Coimbatore,T-Shirt,5,337.1,917.74,376.19
ORD0094,2025-06-02,2025-06-09,2025-06-08,Trichy,T-Shirt,19,377.7,1142.38,10173.47
ORD0095,2025-10-06,2025-10-10,2025-10-11,Trichy,Smartphone,11,172.9,612.88,12500.02
ORD0096,2025-06-12,2025-06-17,2025-06-17,Chennai,Smartphone,13,336.4,996.52,17828.36
ORD0097,2025-02-21,2025-02-27,2025-02-25,Tirunelveli,Smartphone,15,394.0,1144.3,19747.01
ORD0098,2025-03-21,2025-03-24,2025-03-25,Chennai,Headphones,9,38.3,273.58,25822.46
ORD0099,2025-07-14,2025-07-20,2025-07-22,Chennai,Smartphone,16,429.6,1253.22,27651.59
ORD0100,2025-04-27,2025-05-02,2025-05-03,Madurai,Headphones,14,337.3,1034.76,1665.93
ORD0101,2025-01-29,2025-02-01,2025-02-02,Trichy,T-Shirt,12,135.5,518.93,5647.69
ORD0102,2025-03-31,2025-04-02,2025-04-02,Salem,Smartphone,13,40.1,266.49,19245.77
ORD0103,2025-08-24,2025-08-28,2025-08-27,Tirunelveli,T-Shirt,1,118.6,353.7,13419.37
ORD0104,2025-06-26,2025-07-03,2025-07-04,Coimbatore,Shoes,10,444.5,1255.97,6216.74
ORD0105,2025-07-16,2025-07-21,2025-07-22,Coimbatore,Headphones,4,384.7,1006.82,24952.12
ORD0106,2025-07-22,2025-07-25,2025-07-27,Tirunelveli,Shoes,19,127.1,565.34,27117.17
ORD0107,2025-04-28,2025-05-02,2025-05-03,Coimbatore,Smartphone,12,275.1,850.22,27131.09
ORD0108,2025-11-27,2025-11-28,2025-11-30,Madurai,Laptop,15,22.5,287.67,10003.56
ORD0109,2025-08-01,2025-08-04,2025-08-05,Salem,Headphones,5,83.2,347.81,7932.01
ORD0110,2025-09-04,2025-09-10,2025-09-09,Trichy,Laptop,10,435.5,1185.05,29005.06
ORD0111,2025-12-13,2025-12-19,2025-12-18,Trichy,Laptop,13,327.3,958.03,3970.59
ORD0112,2025-07-08,2025-07-13,2025-07-12,Tirunelveli,Smartphone,9,304.4,885.56,18700.54
ORD0113,2025-10-15,2025-10-16,2025-10-19,Trichy,Headphones,20,151.0,617.85,3765.28
ORD0114,2025-01-24,2025-01-30,2025-01-30,Madurai,T-Shirt,10,426.1,1162.14,13773.22
ORD0115,2025-12-10,2025-12-16,2025-12-16,Tirunelveli,Laptop,18,427.5,1278.36,18584.87
ORD0116,2025-05-24,2025-05-26,2025-05-25,Coimbatore,Laptop,12,19.6,261.7,11209.85
ORD0117,2025-11-27,2025-11-29,2025-11-30,Chennai,Smartphone,13,164.6,593.96,18035.23
ORD0118,2025-01-11,2025-01-12,2025-01-13,Madurai,Laptop,11,27.5,262.09,16759.97
ORD0119,2025-10-28,2025-10-30,2025-10-31,Chennai,Headphones,8,101.1,416.73,4597.23
ORD0120,2025-03-08,2025-03-10,2025-03-11,Chennai,Headphones,6,245.4,742.26,7366.57
ORD0121,2025-06-15,2025-06-17,2025-06-17,Chennai,Laptop,9,12.0,184.14,23407.11
ORD0122,2025-09-20,2025-09-23,2025-09-26,Tirunelveli,T-Shirt,15,269.2,837.19,19407.22
ORD0123,2025-01-16,2025-01-20,2025-01-21,Chennai,Shoes,16,32.1,304.91,13473.8
ORD0124,2025-02-11,2025-02-13,2025-02-14,Tirunelveli,T-Shirt,5,148.3,484.3,9958.01
ORD0125,2025-11-02,2025-11-07,2025-11-05,Tirunelveli,Laptop,15,241.1,808.34,19632.22
ORD0126,2025-10-10,2025-10-15,2025-10-15,Coimbatore,Shoes,7,325.8,915.83,21969.49
ORD0127,2025-06-10,2025-06-13,2025-06-15,Trichy,Laptop,9,194.9,596.15,2835.32
ORD0128,2025-08-10,2025-08-12,2025-08-14,Salem,T-Shirt,12,48.0,284.28,3930.27
ORD0129,2025-07-01,2025-07-06,2025-07-07,Salem,Headphones,14,393.8,1131.74,17464.18
ORD0130,2025-04-19,2025-04-20,2025-04-21,Salem,Headphones,16,73.9,363.4,8573.48
ORD0131,2025-04-26,2025-05-01,2025-05-03,Tirunelveli,Headphones,18,364.2,1070.11,8416.13
ORD0132,2025-06-08,2025-06-13,2025-06-14,Tirunelveli,Shoes,12,415.1,1147.11,22306.78
ORD0133,2025-01-16,2025-01-18,2025-01-17,Coimbatore,Smartphone,17,45.8,321.82,21731.4
ORD0134,2025-10-18,2025-10-21,2025-10-24,Chennai,Headphones,2,270.3,745.74,12893.24
ORD0135,2025-11-07,2025-11-09,2025-11-10,Trichy,Laptop,9,201.7,625.91,20451.04
ORD0136,2025-09-07,2025-09-11,2025-09-11,Chennai,Laptop,10,239.5,719.11,28376.13
ORD0137,2025-03-12,2025-03-16,2025-03-17,Tirunelveli,Shoes,10,345.1,970.54,11592.16
ORD0138,2025-12-27,2025-12-30,2025-12-29,Trichy,Laptop,18,107.4,482.3,13954.7
ORD0139,2025-02-09,2025-02-15,2025-02-16,Tirunelveli,Shoes,19,388.6,1154.91,12329.46
ORD0140,2025-06-16,2025-06-18,2025-06-17,Trichy,Laptop,20,81.5,422.63,17789.48
ORD0141,2025-09-26,2025-09-28,2025-09-28,Madurai,Laptop,10,40.0,261.73,3686.59
ORD0142,2025-09-19,2025-09-21,2025-09-21,Chennai,Smartphone,12,91.3,383.04,5452.92
ORD0143,2025-03-20,2025-03-25,2025-03-24,Salem,T-Shirt,3,343.3,929.34,27747.38
ORD0144,2025-10-17,2025-10-21,2025-10-21,Trichy,Laptop,20,291.1,941.46,19052.14
ORD0145,2025-05-21,2025-05-25,2025-05-25,Trichy,Laptop,12,268.2,793.66,25001.39
ORD0146,2025-02-09,2025-02-15,2025-02-14,Salem,T-Shirt,3,291.9,841.36,22245.96
ORD0147,2025-01-22,2025-01-26,2025-01-27,Trichy,T-Shirt,19,205.1,704.8,2137.65
ORD0148,2025-02-22,2025-02-27,2025-03-01,Tirunelveli,Smartphone,11,365.9,1018.9,21316.36
ORD0149,2025-08-13,2025-08-16,2025-08-16,Trichy,Shoes,20,238.2,835.89,20463.26
ORD0150,2025-01-27,2025-01-30,2025-02-01,Tirunelveli,Shoes,11,356.2,1012.77,21794.89
ORD0151,2025-12-03,2025-12-10,2025-12-09,Salem,Smartphone,20,434.2,1316.25,9513.88
ORD0152,2025-12-02,2025-12-05,2025-12-06,Salem,Shoes,13,315.8,956.96,10055.75
ORD0153,2025-03-07,2025-03-12,2025-03-12,Coimbatore,Laptop,17,303.2,939.06,5653.81
ORD0154,2025-04-20,2025-04-22,2025-04-22,Chennai,Headphones,16,157.1,614.15,3303.88
ORD0155,2025-10-04,2025-10-08,2025-10-09,Madurai,T-Shirt,17,376.6,1116.21,5118.74
ORD0156,2025-12-21,2025-12-25,2025-12-26,Coimbatore,Smartphone,6,348.1,1001.31,18434.68
ORD0157,2025-08-18,2025-08-21,2025-08-20,Coimbatore,T-Shirt,8,109.1,444.75,14011.9
ORD0158,2025-05-25,2025-05-30,2025-05-30,Salem,Smartphone,17,351.3,1090.23,1849.74
ORD0159,2025-09-04,2025-09-09,2025-09-10,Chennai,Smartphone,18,394.0,1158.7,27187.59
ORD0160,2025-03-17,2025-03-23,2025-03-23,Coimbatore,Laptop,3,374.8,1002.56,12074.68
ORD0161,2025-07-11,2025-07-12,2025-07-13,Chennai,Headphones,3,109.9,393.16,4386.71
ORD0162,2025-05-27,2025-06-02,2025-06-04,Trichy,Shoes,16,413.2,1212.75,27203.97
ORD0163,2025-01-10,2025-01-14,2025-01-12,Coimbatore,Smartphone,5,118.9,396.44,1718.16
ORD0164,2025-08-03,2025-08-06,2025-08-07,Salem,T-Shirt,20,289.3,905.47,15606.66
ORD0165,2025-05-04,2025-05-09,2025-05-09,Salem,Shoes,10,324.8,922.63,20145.98
ORD0166,2025-09-26,2025-10-02,2025-10-03,Trichy,Laptop,3,438.7,1171.38,29436.87
ORD0167,2025-05-10,2025-05-15,2025-05-15,Tirunelveli,Laptop,12,337.6,1010.25,22135.05
ORD0168,2025-06-20,2025-06-22,2025-06-24,Trichy,Shoes,12,64.4,344.78,24401.48
ORD0169,2025-02-02,2025-02-06,2025-02-05,Madurai,Laptop,15,323.6,968.73,9509.25
ORD0170,2025-07-23,2025-07-28,2025-07-31,Madurai,Headphones,18,445.2,1287.47,23490.99
ORD0171,2025-12-02,2025-12-07,2025-12-06,Tirunelveli,Shoes,4,152.7,511.1,11783.35
ORD0172,2025-04-06,2025-04-09,2025-04-08,Tirunelveli,Shoes,16,225.8,725.44,18192.86
ORD0173,2025-04-03,2025-04-06,2025-04-08,Coimbatore,Headphones,11,247.7,763.69,21614.59
ORD0174,2025-03-27,2025-04-01,2025-04-02,Trichy,Headphones,12,311.9,939.32,23806.89
ORD0175,2025-01-30,2025-02-01,2025-01-31,Madurai,T-Shirt,13,38.4,293.63,13313.73
ORD0176,2025-03-06,2025-03-07,2025-03-09,Madurai,Shoes,12,34.9,296.18,11348.8
ORD0177,2025-02-09,2025-02-13,2025-02-15,Coimbatore,Smartphone,17,260.4,878.2,1069.63
ORD0178,2025-04-06,2025-04-10,2025-04-11,Coimbatore,Shoes,13,227.1,714.06,18472.75
ORD0179,2025-12-22,2025-12-27,2025-12-26,Trichy,Smartphone,16,412.8,1231.63,13519.8
ORD0180,2025-02-14,2025-02-18,2025-02-20,Salem,Headphones,11,365.7,1078.07,25585.45
ORD0181,2025-12-31,2026-01-05,2026-01-04,Madurai,Smartphone,6,320.8,884.49,14972.45
ORD0182,2025-07-04,2025-07-08,2025-07-09,Chennai,Laptop,12,251.5,771.25,29987.97
ORD0183,2025-09-03,2025-09-07,2025-09-08,Coimbatore,Laptop,14,238.9,766.86,20499.24
ORD0184,2025-06-26,2025-06-28,2025-06-28,Trichy,T-Shirt,18,62.1,406.79,1945.76
ORD0185,2025-03-05,2025-03-08,2025-03-10,Madurai,Headphones,10,235.6,761.76,15711.26
ORD0186,2025-05-26,2025-05-31,2025-05-31,Tirunelveli,Headphones,9,381.4,1080.37,3074.82
ORD0187,2025-11-25,2025-11-27,2025-11-28,Chennai,Laptop,19,80.0,399.69,28471.84
ORD0188,2025-10-23,2025-10-27,2025-10-27,Tirunelveli,Laptop,7,122.8,435.58,18926.77
ORD0189,2025-05-29,2025-06-03,2025-06-02,Trichy,Laptop,10,290.6,875.64,4994.99
ORD0190,2025-08-01,2025-08-04,2025-08-04,Tirunelveli,Headphones,7,220.5,686.59,25865.09
ORD0191,2025-07-24,2025-07-25,2025-07-26,Madurai,Shoes,12,63.2,306.26,13653.0
ORD0192,2025-03-14,2025-03-18,2025-03-17,Madurai,Headphones,10,48.1,310.8,21717.51
ORD0193,2025-04-08,2025-04-15,2025-04-14,Coimbatore,Shoes,16,344.6,1006.66,28373.41
ORD0194,2025-09-16,2025-09-19,2025-09-18,Chennai,Headphones,8,208.5,649.04,26505.48
ORD0195,2025-12-01,2025-12-05,2025-12-06,Madurai,Headphones,10,304.3,911.25,22986.55
ORD0196,2025-07-07,2025-07-09,2025-07-09,Salem,Headphones,2,25.1,131.39,15276.39
ORD0197,2025-10-09,2025-10-11,2025-10-12,Chennai,Shoes,20,129.5,546.92,29607.59
ORD0198,2025-10-13,2025-10-19,2025-10-19,Chennai,Laptop,5,422.8,1107.44,21493.68
ORD0199,2025-08-31,2025-09-04,2025-09-04,Salem,Headphones,5,236.1,668.02,29721.29
ORD0200,2025-06-03,2025-06-09,2025-06-10,Salem,Headphones,17,269.2,865.32,794.12
ORD0201,2025-06-19,2025-06-23,2025-06-25,Trichy,Headphones,14,304.8,961.21,23552.25
ORD0202,2025-10-24,2025-10-28,2025-10-29,Tirunelveli,T-Shirt,2,262.0,749.02,11591.65
ORD0203,2025-12-15,2025-12-18,2025-12-19,Chennai,Shoes,19,112.8,494.68,4797.51
ORD0204,2025-12-20,2025-12-24,2025-12-25,Tirunelveli,Laptop,17,95.7,465.08,15704.89
ORD0205,2025-10-15,2025-10-18,2025-10-18,Trichy,T-Shirt,16,149.6,561.0,10822.32
ORD0206,2025-12-15,2025-12-20,2025-12-20,Coimbatore,T-Shirt,9,291.3,842.01,28262.12
ORD0207,2025-06-02,2025-06-08,2025-06-07,Trichy,Headphones,7,348.2,980.91,28054.22
ORD0208,2025-05-21,2025-05-25,2025-05-24,Coimbatore,Smartphone,19,133.1,541.77,8842.62
ORD0209,2025-02-10,2025-02-14,2025-02-13,Madurai,T-Shirt,15,159.1,570.82,16991.94
ORD0210,2025-05-20,2025-05-23,2025-05-23,Chennai,T-Shirt,20,66.1,384.44,7215.25
ORD0211,2025-02-21,2025-02-24,2025-02-23,Salem,Smartphone,16,188.9,659.84,28070.45
ORD0212,2025-09-01,2025-09-05,2025-09-05,Coimbatore,Laptop,7,217.5,691.56,2956.98
ORD0213,2025-10-21,2025-10-24,2025-10-24,Madurai,Laptop,2,108.3,395.72,12090.74
ORD0214,2025-09-11,2025-09-13,2025-09-14,Salem,T-Shirt,10,87.9,348.47,29494.92
ORD0215,2025-05-26,2025-05-30,2025-05-31,Trichy,Headphones,18,207.2,704.78,3645.61
ORD0216,2025-03-25,2025-03-29,2025-04-01,Coimbatore,Headphones,9,330.3,954.46,22791.3
ORD0217,2025-03-31,2025-04-05,2025-04-04,Trichy,Laptop,13,276.9,831.49,4476.17
ORD0218,2025-06-15,2025-06-20,2025-06-20,Coimbatore,Headphones,1,421.4,1090.5,21769.61
ORD0219,2025-01-06,2025-01-08,2025-01-11,Chennai,Shoes,12,121.4,458.84,12340.87
ORD0220,2025-09-15,2025-09-21,2025-09-21,Salem,Smartphone,10,415.8,1143.26,4266.99
ORD0221,2025-03-20,2025-03-24,2025-03-24,Tirunelveli,Smartphone,20,207.5,761.33,20506.16
ORD0222,2025-11-02,2025-11-07,2025-11-06,Salem,Laptop,3,393.5,1022.72,16565.18
ORD0223,2025-09-16,2025-09-18,2025-09-19,Trichy,Laptop,18,95.0,469.62,21592.46
ORD0224,2025-09-08,2025-09-09,2025-09-10,Madurai,T-Shirt,17,45.5,324.28,17048.16
ORD0225,2025-10-14,2025-10-19,2025-10-18,Chennai,Smartphone,10,210.8,676.4,1645.11
ORD0226,2025-06-26,2025-07-01,2025-07-02,Chennai,Headphones,18,316.7,982.7,23138.47
ORD0227,2025-11-25,2025-12-02,2025-12-01,Trichy,Shoes,14,440.4,1224.58,28935.09
ORD0228,2025-10-04,2025-10-06,2025-10-06,Madurai,Smartphone,12,64.2,358.52,22758.53
ORD0229,2025-06-02,2025-06-06,2025-06-05,Madurai,Shoes,18,211.0,724.63,8486.8
ORD0230,2025-02-27,2025-02-28,2025-03-01,Madurai,Laptop,14,19.3,215.38,1297.22
ORD0231,2025-11-03,2025-11-06,2025-11-07,Trichy,Smartphone,2,304.1,833.62,22705.26
ORD0232,2025-01-29,2025-01-31,2025-02-01,Salem,Headphones,10,67.4,308.34,26324.87
ORD0233,2025-12-05,2025-12-07,2025-12-09,Salem,Smartphone,14,237.0,774.62,12987.86
ORD0234,2025-09-11,2025-09-15,2025-09-15,Coimbatore,Shoes,12,25.9,236.74,9206.69
ORD0235,2025-04-05,2025-04-09,2025-04-09,Tirunelveli,Smartphone,16,340.7,1052.08,27467.81
ORD0236,2025-10-15,2025-10-19,2025-10-19,Madurai,Headphones,14,188.6,628.87,19507.16
ORD0237,2025-08-19,2025-08-24,2025-08-23,Coimbatore,Shoes,3,382.0,1037.96,18206.78
ORD0238,2025-02-07,2025-02-10,2025-02-10,Madurai,Headphones,19,88.7,436.1,27297.13
ORD0239,2025-04-19,2025-04-26,2025-04-25,Tirunelveli,T-Shirt,4,422.0,1144.06,12079.97
ORD0240,2025-05-03,2025-05-07,2025-05-07,Coimbatore,Headphones,10,250.7,767.58,15069.14
ORD0241,2025-02-20,2025-02-26,2025-02-26,Coimbatore,Headphones,16,362.3,1076.5,17006.98
ORD0242,2025-04-24,2025-04-29,2025-04-28,Madurai,Smartphone,1,334.9,884.85,11581.24
ORD0243,2025-05-06,2025-05-10,2025-05-11,Tirunelveli,Shoes,11,227.2,715.54,22063.34
ORD0244,2025-06-30,2025-07-01,2025-07-03,Chennai,Laptop,18,80.3,452.88,20146.0
ORD0245,2025-01-04,2025-01-07,2025-01-06,Madurai,T-Shirt,8,188.5,598.32,2095.37
ORD0246,2025-11-23,2025-11-29,2025-11-27,Chennai,T-Shirt,20,301.7,972.7,651.97
ORD0247,2025-09-29,2025-10-04,2025-10-06,Tirunelveli,Shoes,18,326.4,1033.79,27320.27
ORD0248,2025-02-24,2025-03-01,2025-03-02,Salem,Headphones,17,413.5,1235.47,8239.54
ORD0249,2025-07-23,2025-07-25,2025-07-27,Madurai,Headphones,13,40.2,298.36,25481.65
ORD0250,2025-12-01,2025-12-07,2025-12-06,Salem,Shoes,2,446.3,1141.05,580.67
ORD0251,2025-03-29,2025-03-31,2025-04-01,Chennai,T-Shirt,14,41.8,326.66,7124.06
ORD0252,2025-12-21,2025-12-25,2025-12-28,Coimbatore,T-Shirt,16,400.0,1177.45,1277.18
ORD0253,2025-06-11,2025-06-14,2025-06-12,Coimbatore,Smartphone,7,12.0,174.28,17130.87
ORD0254,2025-07-19,2025-07-23,2025-07-25,Tirunelveli,Laptop,18,306.3,964.18,29237.4
ORD0255,2025-01-28,2025-01-31,2025-02-01,Salem,T-Shirt,8,48.5,258.17,23274.58
ORD0256,2025-01-16,2025-01-20,2025-01-21,Trichy,Shoes,15,287.2,872.28,17700.49
ORD0257,2025-07-14,2025-07-16,2025-07-18,Chennai,Laptop,20,43.1,332.2,11586.0
ORD0258,2025-11-21,2025-11-22,2025-11-22,Chennai,Headphones,13,73.7,362.01,22911.99
ORD0259,2025-02-22,2025-02-25,2025-02-23,Chennai,Laptop,6,64.0,276.37,3064.01
ORD0260,2025-11-03,2025-11-08,2025-11-07,Chennai,T-Shirt,13,354.1,1067.2,29351.74
ORD0261,2025-10-20,2025-10-23,2025-10-23,Coimbatore,Shoes,13,236.9,732.78,5266.06
ORD0262,2025-05-22,2025-05-26,2025-05-26,Madurai,Shoes,16,192.4,681.33,6107.78
ORD0263,2025-02-24,2025-02-27,2025-02-28,Trichy,Headphones,1,65.3,245.54,13089.3
ORD0264,2025-11-30,2025-12-05,2025-12-05,Coimbatore,Smartphone,5,438.5,1209.92,29071.14
ORD0265,2025-05-30,2025-06-05,2025-06-05,Trichy,Headphones,16,332.0,1031.95,11970.17
ORD0266,2025-02-28,2025-03-06,2025-03-08,Salem,Laptop,7,419.8,1180.23,14010.18
ORD0267,2025-12-29,2025-12-31,2026-01-01,Tirunelveli,Shoes,10,98.3,375.66,9294.13
ORD0268,2025-05-10,2025-05-14,2025-05-15,Salem,Shoes,14,298.1,918.2,16170.71
ORD0269,2025-12-21,2025-12-25,2025-12-27,Salem,T-Shirt,2,191.1,569.31,2823.96
ORD0270,2025-05-08,2025-05-11,2025-05-13,Tirunelveli,Shoes,12,297.6,927.92,10148.42
ORD0271,2025-08-09,2025-08-11,2025-08-11,Coimbatore,Shoes,4,52.1,239.45,20482.8
ORD0272,2025-12-20,2025-12-26,2025-12-24,Coimbatore,Shoes,12,227.7,756.92,2849.89
ORD0273,2025-03-14,2025-03-17,2025-03-18,Trichy,Headphones,11,160.0,555.33,13313.53
ORD0274,2025-12-23,2025-12-25,2025-12-25,Coimbatore,Laptop,3,206.3,616.52,5181.32
ORD0275,2025-05-05,2025-05-09,2025-05-08,Madurai,Shoes,18,234.6,801.12,5835.69
ORD0276,2025-12-03,2025-12-07,2025-12-07,Salem,Shoes,1,197.3,558.74,21230.65
ORD0277,2025-04-16,2025-04-19,2025-04-19,Coimbatore,Smartphone,3,128.9,415.39,8091.9
ORD0278,2025-09-08,2025-09-13,2025-09-13,Chennai,Headphones,11,239.8,738.16,13898.46
ORD0279,2025-03-30,2025-04-04,2025-04-07,Madurai,Headphones,10,367.1,1019.29,9369.79
ORD0280,2025-04-04,2025-04-08,2025-04-08,Madurai,T-Shirt,5,171.1,527.5,5816.88
ORD0281,2025-11-22,2025-11-27,2025-11-26,Madurai,Smartphone,6,244.1,705.86,13694.73
ORD0282,2025-01-28,2025-02-02,2025-02-02,Salem,T-Shirt,1,390.2,1040.19,12451.29
ORD0283,2025-09-09,2025-09-11,2025-09-13,Chennai,Smartphone,15,190.0,646.45,8463.13
ORD0284,2025-10-03,2025-10-07,2025-10-07,Salem,Laptop,15,133.5,530.49,8256.3
ORD0285,2025-10-06,2025-10-10,2025-10-13,Trichy,T-Shirt,12,371.4,1052.66,12927.09
ORD0286,2025-12-01,2025-12-06,2025-12-07,Coimbatore,Headphones,10,339.3,1004.67,2883.4
ORD0287,2025-03-02,2025-03-06,2025-03-08,Salem,Shoes,8,350.2,966.1,4435.28
ORD0288,2025-04-16,2025-04-21,2025-04-22,Salem,Smartphone,2,367.0,969.46,21210.4
ORD0289,2025-05-29,2025-06-02,2025-06-03,Trichy,Laptop,17,259.9,879.23,26051.31
ORD0290,2025-03-06,2025-03-10,2025-03-10,Tirunelveli,Shoes,5,317.1,885.3,17449.54
ORD0291,2025-05-18,2025-05-21,2025-05-22,Salem,Headphones,13,284.4,885.19,26356.33
ORD0292,2025-08-21,2025-08-26,2025-08-29,Trichy,Headphones,11,427.9,1224.47,23931.63
ORD0293,2025-07-23,2025-07-27,2025-07-26,Coimbatore,Headphones,14,101.9,430.2,17464.63
ORD0294,2025-10-17,2025-10-22,2025-10-22,Chennai,Shoes,11,384.3,1061.46,27904.16
ORD0295,2025-03-22,2025-03-27,2025-03-26,Tirunelveli,Smartphone,1,201.4,603.11,9265.41
ORD0296,2025-05-21,2025-05-22,2025-05-24,Tirunelveli,Smartphone,12,46.5,261.23,18880.45
ORD0297,2025-12-25,2025-12-29,2025-12-29,Madurai,Shoes,14,341.1,986.1,17932.28
ORD0298,2025-09-23,2025-09-27,2025-09-26,Trichy,Smartphone,1,307.6,829.68,7099.72
ORD0299,2025-02-15,2025-02-19,2025-02-19,Madurai,Shoes,4,330.2,928.62,22668.79
ORD0300,2025-03-10,2025-03-13,2025-03-15,Tirunelveli,Smartphone,5,290.5,818.01,21756.23
